"PARISH_CODE","PARISH","UFI","UFI_CREATED"
"2001","ACHERON",10007467,20080228
"2002","ADDINGTON",10007468,20080228
"2003","ADJIE",10007469,20080228
"2004","ADZAR",10007470,20080228
"2005","AIRE",10007471,20080228
"2006","ALBACUTYA",10007472,20080228
"2007","ALBERTON EAST",10007473,20080228
"2008","ALBERTON WEST",10007474,20080228
"2009","ALEXANDRA",10007475,20080228
"2010","ALLAMBEE",10007476,20080228
"2011","ALLAMBEE EAST",10007477,20080228
"2012","AMHERST",10007478,20080228
"2013","AMPHITHEATRE",10007479,20080228
"2014","ANAKIE",10007480,20080228
"2015","ANGAHOOK",10007481,20080228
"2016","ANGORA",10007482,20080228
"2017","ANNUELLO",10007483,20080228
"2018","ANNYA",10007484,20080228
"2019","ARAPILES",10007485,20080228
"2020","ARARAT",10007486,20080228
"2021","ARBUCKLE",10007487,20080228
"2022","ARCADIA",10007488,20080228
"2023","ARCHDALE",10007489,20080228
"2024","ARDNO",10007490,20080228
"2025","ARDONACHIE",10007491,20080228
"2026","AREEGRA",10007492,20080228
"2027","ARGYLE",10007493,20080228
"2028","ASCOT",10007494,20080228
"2029","ASHENS",10007495,20080228
"2030","AUDLEY",10007496,20080228
"2031","AVENEL",10007497,20080228
"2032","AVOCA",10007498,20080228
"2033","AWONGA",10007499,20080228
"2034","AXEDALE",10007500,20080228
"2035","BAANGAL",10007501,20080228
"2036","BAAWANG",10007502,20080228
"2037","BABATCHIO",10007503,20080228
"2038","BAEL BAEL",10007504,20080228
"2039","BAGSHOT",10007505,20080228
"2040","BAHGALLAH",10007506,20080228
"2041","BAILIESTON",10007507,20080228
"2042","BAIRNSDALE",10007508,20080228
"2043","BALLAN",10007509,20080228
"2044","BALLANGEICH",10007510,20080228
"2045","BALLAPUR",10007511,20080228
"2046","BALLARAT",10007512,20080228
"2047","BALLARK",10007513,20080228
"2048","BALLENDELLA",10007514,20080228
"2049","BALLIANG",10007515,20080228
"2050","BALLOONG",10007516,20080228
"2051","BALLYROGAN",10007517,20080228
"2052","BALMATTUM",10007518,20080228
"2053","BALMORAL",10007519,20080228
"2054","BALNARRING",10007520,20080228
"2055","BALROOK",10007521,20080228
"2056","BALROOTAN",10007522,20080228
"2057","BAMAWM",10007523,20080228
"2058","BAMBADIN",10007524,20080228
"2059","BAMBRA",10007525,20080228
"2060","BAMGANIE",10007526,20080228
"2061","BANANGAL",10007527,20080228
"2062","BANGERANG",10007528,20080228
"2063","BANU BONYIT",10007529,20080228
"2064","BANYARMBITE",10007530,20080228
"2065","BANYENA",10007531,20080228
"2066","BANYENONG",10007532,20080228
"2067","BARAMBOGIE",10007533,20080228
"2068","BARANDUDA",10007534,20080228
"2069","BARCHAN",10007535,20080228
"2070","BARGA",10007536,20080228
"2071","BARING",10007537,20080228
"2072","BARING NORTH",10007538,20080228
"2073","BARINGHUP",10007539,20080228
"2074","BARKLY",10007540,20080228
"2075","BARMAH",10007541,20080228
"2076","BARNAWARTHA NORTH",10007542,20080228
"2077","BARNAWARTHA SOUTH",10007543,20080228
"2078","BARNOOLUT",10007544,20080228
"2079","BARONGAROOK",10007545,20080228
"2080","BARP",10007546,20080228
"2081","BARRAKEE",10007547,20080228
"2082","BARRAMUNGA",10007548,20080228
"2083","BARRARBOOL",10007549,20080228
"2084","BARROWORN",10007550,20080228
"2085","BARWIDGEE",10007551,20080228
"2086","BARWITE",10007552,20080228
"2087","BARWO",10007553,20080228
"2088","BARWON DOWNS",10007554,20080228
"2089","BARWONGEMOONG",10007555,20080228
"2090","BATCHICA",10007556,20080228
"2091","BATYIK",10007557,20080228
"2092","BAULKAMAUGH",10007558,20080228
"2093","BAW BAW",10007559,20080228
"2094","BAYNTON",10007560,20080228
"2095","BEALIBA",10007561,20080228
"2096","BEAUFORT",10007562,20080228
"2097","BECKWORTH",10007563,20080228
"2098","BEEAR",10007564,20080228
"2099","BEECHWORTH",10007565,20080228
"2100","BEEK BEEK",10007566,20080228
"2101","BEENAK",10007567,20080228
"2102","BEERIK",10007568,20080228
"2103","BEETHANG",10007569,20080228
"2104","BEEWAR",10007570,20080228
"2105","BELFAST",10007571,20080228
"2106","BELLARINE",10007572,20080228
"2107","BELLAURA",10007573,20080228
"2108","BELLELLEN",10007574,20080228
"2109","BELOKA",10007575,20080228
"2110","BELVOIR WEST",10007576,20080228
"2111","BEMBOKA",10007577,20080228
"2112","BEMM",10007578,20080228
"2113","BENALLA",10007579,20080228
"2114","BENAMBRA",10007580,20080228
"2115","BENAYEO",10007581,20080228
"2116","BENDOCK",10007582,20080228
"2117","BENETOOK",10007583,20080228
"2120","BENJEROOP",10007586,20080228
"2122","BEPCHA",10007588,20080228
"2124","BERONTHA",10007590,20080228
"2127","BERRINGAMA",10007593,20080228
"2129","BERRMARR",10007595,20080228
"2132","BESSIEBELLE",10007598,20080228
"2135","BETE BOLONG SOUTH",10007601,20080228
"2137","BEULAH",10007603,20080228
"2140","BIG BILLY",10007606,20080228
"2143","BILLABONG",10007609,20080228
"2145","BILLIMINAH",10007611,20080228
"2148","BINDI",10007614,20080228
"2151","BINGO-MUNJIE NORTH",10007617,20080228
"2153","BINNICAN",10007619,20080228
"2154","BINNUC",10007620,20080228
"2157","BITCHIGAL",10007623,20080228
"2160","BLACKWOOD",10007626,20080228
"2163","BOGALARA",10007629,20080228
"2165","BOGONG SOUTH",10007631,20080228
"2169","BOINKA",10007635,20080228
"2171","BOLANGUM",10007637,20080228
"2174","BOLLINDA",10007640,20080228
"2177","BONDI",10007643,20080228
"2181","BOODYARN",10007647,20080228
"2183","BOOLA BOOLA",10007649,20080228
"2185","BOOLUNGAL",10007651,20080228
"2187","BOONAH",10007653,20080228
"2189","BOONDEROOT",10007655,20080228
"2192","BOORHAMAN",10007658,20080228
"2195","BOORONG",10007661,20080228
"2197","BOOROOPKI",10007663,20080228
"2200","BOORT",10007666,20080228
"2203","BORAMBORAM",10007669,20080228
"2205","BOREANG WEST",10007671,20080228
"2207","BORODOMANIN",10007673,20080228
"2210","BORRIYALLOAK",10007676,20080228
"2213","BOURKA",10007679,20080228
"2216","BRADFORD",10007682,20080228
"2219","BRAMBY",10007685,20080228
"2222","BRANXHOLME",10007688,20080228
"2225","BRIAGOLONG",10007691,20080228
"2227","BRIGHT",10007693,20080228
"2230","BRIM BRIM",10007696,20080228
"2233","BRINGALBART",10007699,20080228
"2235","BROADFORD",10007701,20080228
"2238","BROCKIE",10007704,20080228
"2240","BRUCKNELL",10007706,20080228
"2243","BUANGOR",10007709,20080228
"2246","BUCKERAN YARRACK",10007712,20080228
"2248","BUCKRABANYULE",10007714,20080228
"2251","BUDGERUM EAST",10007717,20080228
"2253","BULART",10007719,20080228
"2256","BULGABACK",10007722,20080228
"2259","BULLAMALK",10007725,20080228
"2261","BULLAROOK",10007727,20080228
"2264","BULLEEN",10007730,20080228
"2266","BULLIOH",10007732,20080228
"2269","BUMBANG",10007735,20080228
"2271","BUNDALAGUAH",10007737,20080228
"2274","BUNDOWRA",10007740,20080228
"2276","BUNGALALLY",10007742,20080228
"2279","BUNGAREE",10007745,20080228
"2281","BUNGEELTAP",10007747,20080228
"2285","BUNGULUKE",10007751,20080228
"2287","BUNINYONG",10007753,20080228
"2290","BUNYIP",10007756,20080228
"2292","BURGOYNE",10007758,20080228
"2295","BURNEWANG",10007761,20080228
"2298","BURRAMBOOT",10007764,20080228
"2300","BURRAMINE",10007766,20080228
"2302","BURRONG SOUTH",10007768,20080228
"2304","BURRUMBEEP",10007770,20080228
"2307","BURRUNGABUGGE",10007773,20080228
"2309","BURUPGA",10007775,20080228
"2312","BUXTON",10007778,20080228
"2314","BYAMBYNEE",10007780,20080228
"2317","BYJUKE",10007783,20080228
"2320","CALIVIL",10007786,20080228
"2322","CALLIGNEE",10007788,20080228
"2325","CAMPASPE",10007791,20080228
"2327","CANABORE",10007793,20080228
"2330","CANNUM",10007796,20080228
"2333","CARALULUP",10007799,20080228
"2335","CARAMBALLUC SOUTH",10007801,20080228
"2337","CARAMUT SOUTH",10007803,20080228
"2340","CARAPOOK",10007806,20080228
"2342","CARBOOR",10007808,20080228
"2344","CARDIGAN",10007810,20080228
"2347","CARISBROOK",10007813,20080228
"2350","CARNEEK",10007816,20080228
"2353","CARORI",10007819,20080228
"2356","CARRAJUNG",10007822,20080228
"2359","CARRON",10007825,20080228
"2361","CARRUNO",10007827,20080228
"2362","CARWARP",10007828,20080228
"2364","CASTERTON",10007830,20080228
"2366","CASTLEMAINE",10007832,20080228
"2369","CHANGUE",10007835,20080228
"2371","CHARAM",10007837,20080228
"2373","CHARLTON WEST",10007839,20080228
"2375","CHATSWORTH WEST",10007841,20080228
"2378","CHEWTON",10007844,20080228
"2380","CHILPIN",10007846,20080228
"2383","CHINAMAN FLAT",10007849,20080228
"2385","CHINTIN",10007851,20080228
"2387","CLARENDON",10007853,20080228
"2390","CLONLEIGH",10007856,20080228
"2392","COBAW",10007858,20080228
"2395","COBON",10007861,20080228
"2397","COBRAM",10007863,20080228
"2400","COCOMAH",10007866,20080228
"2403","COHUNA",10007869,20080228
"2405","COLAC",10007871,20080228
"2408","COLERAINE",10007874,20080228
"2410","COLIGNAN",10007876,20080228
"2413","COLQUHOUN EAST",10007879,20080228
"2415","COLVINSBY",10007881,20080228
"2417","COMMERALGHIP",10007883,20080228
"2422","CONGA WONGA",10007888,20080228
"2425","CONNEWARREN",10007891,20080228
"2427","COOACK",10007893,20080228
"2429","COOLEBARGHURK",10007895,20080228
"2431","COOLUNGOOLUN",10007897,20080228
"2434","COOMBOONA",10007900,20080228
"2437","COONIMUR",10007903,20080228
"2439","COONOOER WEST",10007905,20080228
"2443","COORNBURT",10007909,20080228
"2445","COOROOPAJERRUP",10007911,20080228
"2448","CORACK EAST",10007914,20080228
"2451","COREA",10007917,20080228
"2453","CORINELLA",10007919,20080228
"2456","COROP",10007922,20080228
"2461","CRAIGIE",10007927,20080228
"2464","CRESWICK",10007930,20080228
"2467","CROSBIE",10007933,20080228
"2469","CROXTON EAST",10007935,20080228
"2475","CURRAWA",10007941,20080228
"2477","CURYO",10007943,20080228
"2480","DAALKO",10007946,20080228
"2482","DALYENONG",10007948,20080228
"2485","DANYO",10007951,20080228
"2490","DARKBONEE",10007956,20080228
"2493","DARLINGTON WEST",10007959,20080228
"2496","DARRAWEIT GUIM",10007962,20080228
"2498","DARRIWIL",10007964,20080228
"2501","DARTMOOR",10007967,20080228
"2504","DEDDICK",10007970,20080228
"2510","DERBY",10007976,20080228
"2513","DERING",10007979,20080228
"2516","DERRIMUT",10007982,20080228
"2519","DEVENISH",10007985,20080228
"2522","DIGBY",10007988,20080228
"2525","DING-A-DING",10007991,20080228
"2530","DOLEDROOK",10007996,20080228
"2534","DOOEN",10008000,20080228
"2537","DOOMBURRIM",10008003,20080228
"2540","DOROQ",10008006,20080228
"2542","DOWLING FOREST",10008008,20080228
"2545","DRIK DRIK",10008011,20080228
"2548","DROUIN WEST",10008014,20080228
"2552","DRUMMOND",10008018,20080228
"2555","DUDDO",10008021,20080228
"2557","DUERAN EAST",10008023,20080228
"2559","DUMBALK",10008025,20080228
"2562","DUNKELD",10008028,20080228
"2567","DUNOLLY",10008033,20080228
"2569","DURNDAL",10008035,20080228
"2572","ECHUCA SOUTH",10008038,20080228
"2575","EDENHOPE",10008041,20080228
"2577","EDI",10008043,20080228
"2580","EILDON",10008046,20080228
"2586","ELLIMINYT",10008052,20080228
"2588","ELMORE",10008054,20080228
"2591","ENANO",10008057,20080228
"2593","ENOCHS POINT",10008059,20080228
"2597","ERCILDOUN",10008063,20080228
"2600","ETTRICK",10008066,20080228
"2604","EUMERALLA",10008070,20080228
"2607","EUREKA",10008073,20080228
"2610","EVERTON",10008076,20080228
"2613","FLINDERS",10008079,20080228
"2615","FORBES",10008081,20080228
"2620","FREEBURGH",10008086,20080228
"2622","FRYERS",10008088,20080228
"2625","GAALANUNGAH",10008091,20080228
"2628","GALICK",10008094,20080228
"2631","GAMA",10008097,20080228
"2634","GANOO GANOO",10008100,20080228
"2636","GARVOC",10008102,20080228
"2638","GAYFIELD",10008104,20080228
"2643","GELANTIPY WEST",10008109,20080228
"2645","GEMBROOK",10008111,20080228
"2648","GERANG GERUNG",10008114,20080228
"2650","GHERINEGHAP",10008116,20080228
"2652","GIBBO",10008118,20080228
"2658","GINGIMRICK",10008124,20080228
"2661","GIRGARRE EAST",10008127,20080228
"2664","GLENALBYN",10008130,20080228
"2666","GLENAULIN",10008132,20080228
"2668","GLENCOE",10008134,20080228
"2673","GLENELG",10008139,20080228
"2676","GLENLOGIE",10008142,20080228
"2679","GLENMAGGIE",10008145,20080228
"2682","GLENORCHY",10008148,20080228
"2684","GLENPATRICK",10008150,20080228
"2686","GLENWATTS",10008152,20080228
"2692","GOBARUP",10008158,20080228
"2695","GOLTON GOLTON",10008161,20080228
"2698","GOOMALIBEE",10008164,20080228
"2701","GOONGERAH",10008167,20080228
"2706","GOORNONG",10008172,20080228
"2707","GORAE",10008173,20080228
"2711","GORROCKBURKGHAP",10008177,20080228
"2714","GOWANGARDIE",10008180,20080228
"2717","GRACEDALE",10008183,20080228
"2720","GRANYA",10008186,20080228
"2725","GRE GRE",10008191,20080228
"2728","GRITJURK",10008194,20080228
"2731","GUNAMALARY",10008197,20080228
"2733","GUNBOWER WEST",10008199,20080228
"2736","GUNYAH GUNYAH",10008202,20080228
"2739","GYMBOWEN",10008205,20080228
"2743","HARCOURT",10008209,20080228
"2744","HARRIETVILLE",10008210,20080228
"2745","HARROW",10008211,20080228
"2746","HAVELOCK",10008212,20080228
"2747","HAWKESTONE",10008213,20080228
"2748","HAYANMI",10008214,20080228
"2749","HAZELWOOD",10008215,20080228
"2751","HELENDOITE",10008217,20080228
"2752","HENSLEY",10008218,20080228
"2753","HESSE",10008219,20080228
"2754","HEXHAM EAST",10008220,20080228
"2755","HEXHAM WEST",10008221,20080228
"2756","HEYWOOD",10008222,20080228
"2758","HINDMARSH",10008224,20080228
"2759","HINNO-MUNJIE",10008225,20080228
"2760","HOLCOMBE",10008226,20080228
"2761","HOLDEN",10008227,20080228
"2762","HOLEY PLAINS",10008228,20080228
"2764","HORSHAM",10008230,20080228
"2765","HOTHAM",10008231,20080228
"2766","HOTSPUR",10008232,20080228
"2767","HOWITT PLAINS",10008233,20080228
"2768","HOWQUA",10008234,20080228
"2769","HOWQUA WEST",10008235,20080228
"2771","ILLAWARRA",10008237,20080228
"2772","INDI",10008238,20080228
"2773","INGEEGOODBEE",10008239,20080228
"2774","INGLEWOOD",10008240,20080228
"2775","IRREWARRA",10008241,20080228
"2777","JALLAKIN",10008243,20080228
"2778","JALLUKAR",10008244,20080228
"2779","JALUR",10008245,20080228
"2780","JAMIESON",10008246,20080228
"2781","JANCOURT",10008247,20080228
"2782","JANIEMBER EAST",10008248,20080228
"2784","JAN JUC",10008250,20080228
"2785","JARKLAN",10008251,20080228
"2786","JEERALANG",10008252,20080228
"2787","JEETHO",10008253,20080228
"2788","JEETHO WEST",10008254,20080228
"2789","JEFFCOTT",10008255,20080228
"2790","JELLALABAD",10008256,20080228
"2792","JENNAWARRA",10008258,20080228
"2793","JEPARIT",10008259,20080228
"2794","JERRYWAROOK",10008260,20080228
"2795","JERUK",10008261,20080228
"2796","JIKA JIKA",10008262,20080228
"2798","JILPANGER",10008264,20080228
"2799","JILWAIN",10008265,20080228
"2800","JINDERBOINE",10008266,20080228
"2801","JINDIVICK",10008267,20080228
"2802","JINGALLALA",10008268,20080228
"2804","JIRNKEE",10008270,20080228
"2805","JIRRAH",10008271,20080228
"2806","JOEL JOEL",10008272,20080228
"2807","JOOP",10008273,20080228
"2808","JUMBUK",10008274,20080228
"2809","JUMBUNNA",10008275,20080228
"2811","JUNG JUNG",10008277,20080228
"2812","JUNGKUM",10008278,20080228
"2813","KAANGLANG",10008279,20080228
"2814","KAARIMBA",10008280,20080228
"2815","KADNOOK",10008281,20080228
"2816","KAERWUT",10008282,20080228
"2817","KALADBRO",10008283,20080228
"2819","KALKALLO",10008285,20080228
"2820","KALKEE",10008286,20080228
"2821","KALK KALK",10008287,20080228
"2822","KALLERY",10008288,20080228
"2823","KALPIENUNG",10008289,20080228
"2825","KAMAROOKA",10008291,20080228
"2826","KANAWALLA",10008292,20080228
"2827","KANAWINKA",10008293,20080228
"2828","KANCOBIN",10008294,20080228
"2829","KANEIRA",10008295,20080228
"2831","KANGERONG",10008297,20080228
"2832","KANGERTONG",10008298,20080228
"2833","KANIVA",10008299,20080228
"2834","KANYAPELLA",10008300,20080228
"2835","KAPONG",10008301,20080228
"2836","KARABEAL",10008302,20080228
"2838","KARAWAH",10008304,20080228
"2839","KARAWINNA",10008305,20080228
"2840","KARIAH",10008306,20080228
"2841","KARLO",10008307,20080228
"2842","KARNAK",10008308,20080228
"2843","KARNGUN",10008309,20080228
"2845","KARRAMOMUS",10008311,20080228
"2846","KARUP KARUP",10008312,20080228
"2847","KARWEEN",10008313,20080228
"2848","KARYRIE",10008314,20080228
"2849","KATAMATITE",10008315,20080228
"2850","KATANDRA",10008316,20080228
"2851","KATTYOONG",10008317,20080228
"2852","KATUNGA",10008318,20080228
"2853","KATYIL",10008319,20080228
"2854","KAY",10008320,20080228
"2855","KEELANGIE",10008321,20080228
"2856","KEELBUNDORA",10008322,20080228
"2857","KEILAMBETE",10008323,20080228
"2858","KELFEERA",10008324,20080228
"2859","KELLALAC",10008325,20080228
"2860","KENMARE",10008326,20080228
"2862","KERANG",10008328,20080228
"2864","KERGUNYAH NORTH",10008330,20080228
"2867","KERRIT BAREET",10008333,20080228
"2870","KEWELL WEST",10008336,20080228
"2873","KIANEEK",10008339,20080228
"2876","KILLAWARRA",10008342,20080228
"2879","KIMBOLTON",10008345,20080228
"2881","KINGLAKE",10008347,20080228
"2884","KINKELLA",10008350,20080228
"2886","KIORA",10008352,20080228
"2889","KIRRAK",10008355,20080228
"2891","KNOCKWOOD",10008357,20080228
"2894","KOBYBOYN",10008360,20080228
"2896","KOIMBO",10008362,20080228
"2900","KONGBOOL",10008366,20080228
"2902","KONNEPRA",10008368,20080228
"2904","KOOEM",10008370,20080228
"2907","KOOMBERAR",10008373,20080228
"2911","KOORAGAN",10008377,20080228
"2913","KOOREH",10008379,20080228
"2915","KOOROC",10008381,20080228
"2918","KOOROON",10008384,20080228
"2920","KOO-WEE-RUP",10008386,20080228
"2922","KORKUPERRIMUL",10008388,20080228
"2925","KOROIT",10008391,20080228
"2927","KOROROIT",10008393,20080228
"2929","KORUMBURRA",10008395,20080228
"2931","KOSCIUSKO",10008397,20080228
"2934","KOWAT",10008400,20080228
"2937","KUARK",10008403,20080228
"2940","KULWIN",10008406,20080228
"2943","KURNBRUNIN",10008409,20080228
"2945","KURRACA",10008411,20080228
"2948","KYABRAM",10008414,20080228
"2950","KYBEYAN",10008416,20080228
"2952","LAANG",10008418,20080228
"2955","LAH-ARUM",10008421,20080228
"2957","LALBERT",10008423,20080228
"2959","LAL LAL",10008425,20080228
"2963","LANDSBOROUGH",10008429,20080228
"2965","LANGI-KAL-KAL",10008431,20080228
"2967","LANGKOOP",10008433,20080228
"2970","LANGLEY",10008436,20080228
"2972","LANGWARRIN",10008438,20080228
"2974","LARA",10008440,20080228
"2976","LARUNDEL",10008442,20080228
"2979","LAURISTON",10008445,20080228
"2982","LAZARINI",10008448,20080228
"2985","LEEOR",10008451,20080228
"2987","LEONGATHA",10008453,20080228
"2990","LIANIDUCK",10008456,20080228
"2993","LIGAR",10008459,20080228
"2995","LILLIMUR",10008461,20080228
"2998","LIMA",10008464,20080228
"3001","LIPAROO",10008467,20080228
"3004","LIVINGSTONE",10008470,20080228
"3006","LOCKWOOD",10008472,20080228
"3009","LONGERENONG",10008475,20080228
"3012","LONGWOOD",10008478,20080228
"3015","LORNE",10008481,20080228
"3017","LOWAN",10008483,20080228
"3021","LUDRIK-MUNJIE",10008487,20080228
"3024","LYNCHFIELD",10008490,20080228
"3027","MACEDON",10008493,20080228
"3030","MAGDALA",10008496,20080228
"3032","MAGEPPA",10008498,20080228
"3035","MAHKWALLOK",10008501,20080228
"3038","MAINTONGOON",10008504,20080228
"3040","MALAKOFF",10008506,20080228
"3042","MALDON",10008508,20080228
"3045","MALLANBOOL",10008511,20080228
"3048","MAMENGOROOCK",10008514,20080228
"3050","MANANGO",10008516,20080228
"3053","MANGALORE",10008519,20080228
"3055","MANPY",10008521,20080228
"3058","MARAMINGO",10008524,20080228
"3061","MARIBYRNONG",10008527,20080228
"3063","MARLBED",10008529,20080228
"3067","MARNOO",10008533,20080228
"3070","MARROO",10008536,20080228
"3072","MARYVALE",10008538,20080228
"3075","MATONG NORTH",10008541,20080228
"3078","MEERAI",10008544,20080228
"3081","MEERING WEST",10008547,20080228
"3084","MELBOURNE SOUTH",10008550,20080228
"3086","MELLIER",10008552,20080228
"3088","MERAN",10008554,20080228
"3091","MERINGUR",10008557,20080228
"3094","MERRIJIG",10008560,20080228
"3096","MERRINEE",10008562,20080228
"3099","METCALFE",10008565,20080228
"3102","MILDURA",10008568,20080228
"3105","MILMED",10008571,20080228
"3108","MINCHA WEST",10008574,20080228
"3111","MINIMAY",10008577,20080228
"3114","MINJAH NORTH",10008580,20080228
"3117","MIOWERA",10008583,20080228
"3120","MIRBOO SOUTH",10008586,20080228
"3123","MIRNEE",10008589,20080228
"3126","MITIAMO",10008592,20080228
"3128","MITTYACK",10008594,20080228
"3131","MOALLAACK",10008597,20080228
"3134","MODEWARRE",10008600,20080228
"3137","MOHICAN",10008603,20080228
"3140","MOKEPILLY",10008606,20080228
"3143","MOLIAGUL",10008609,20080228
"3146","MONBULK",10008612,20080228
"3149","MONEA SOUTH",10008615,20080228
"3151","MONIVAE",10008617,20080228
"3155","MOOLORT",10008621,20080228
"3158","MOONDARRA",10008624,20080228
"3160","MOONKAN",10008626,20080228
"3163","MOORABBIN",10008629,20080228
"3165","MOORALLA",10008631,20080228
"3167","MOORARBOOL WEST",10008633,20080228
"3170","MOORMBOOL EAST",10008636,20080228
"3172","MOORMURNG",10008638,20080228
"3175","MOOROODUC",10008641,20080228
"3177","MOOROOPNA",10008643,20080228
"3179","MOORPANYAL",10008645,20080228
"3182","MORANDING",10008648,20080228
"3184","MORANGHURK",10008650,20080228
"3187","MOREA",10008653,20080228
"3190","MORKALLA",10008656,20080228
"3192","MOROKA",10008658,20080228
"3195","MORTCHUP",10008661,20080228
"3198","MOUNT COLE",10008664,20080228
"3201","MOUYONG",10008667,20080228
"3204","MOYANGUL",10008670,20080228
"3207","MOYSTON",10008673,20080228
"3209","MUCKLEFORD",10008675,20080228
"3212","MULGRAVE",10008678,20080228
"3214","MULLAWYE",10008680,20080228
"3216","MULLROO",10008682,20080228
"3219","MUMBEL",10008685,20080228
"3221","MUNTHAM",10008687,20080228
"3224","MURDEDUKE",10008690,20080228
"3226","MURLONG",10008692,20080228
"3228","MURNDAL",10008694,20080228
"3231","MURRABIT WEST",10008697,20080228
"3233","MURRANDARRA",10008699,20080228
"3235","MURRINDAL EAST",10008701,20080228
"3237","MURRINDINDI",10008703,20080228
"3240","MURRUNGOWAR",10008706,20080228
"3242","MURYRTYM",10008708,20080228
"3246","MYARING",10008712,20080228
"3249","MYRTLEFORD",10008715,20080228
"3252","NALANGIL",10008718,20080228
"3254","NANDEMARRIMAN",10008720,20080228
"3257","NANIMIA",10008723,20080228
"3260","NAPIER",10008726,20080228
"3262","NAPPA",10008728,20080228
"3264","NARBOURAC",10008730,20080228
"3266","NARIEL",10008732,20080228
"3268","NARINGHIL NORTH",10008734,20080228
"3270","NARIOKA",10008736,20080228
"3273","NARRACAN",10008739,20080228
"3275","NARRANG",10008741,20080228
"3277","NARRAWATURK",10008743,20080228
"3280","NARREWILLOCK",10008746,20080228
"3282","NARROBUK NORTH",10008748,20080228
"3285","NATIMUK",10008751,20080228
"3287","NATTEYALLOCK",10008753,20080228
"3290","NAYOOK WEST",10008756,20080228
"3293","NEERIM EAST",10008759,20080228
"3295","NEKEEYA",10008761,20080228
"3298","NERICK",10008764,20080228
"3301","NERRING",10008767,20080228
"3304","NEWHAM",10008770,20080228
"3306","NEWMERELLA",10008772,20080228
"3309","NILLAHCOOTIE",10008775,20080228
"3311","NINDOO",10008777,20080228
"3315","NIRRANDA",10008781,20080228
"3318","NOOJEE EAST",10008784,20080228
"3321","NOORINBEE",10008787,20080228
"3323","NORONG",10008789,20080228
"3326","NOWA NOWA SOUTH",10008792,20080228
"3329","NOWYEO",10008795,20080228
"3332","NULLAN",10008798,20080228
"3335","NUMBIE-MUNJIE",10008801,20080228
"3338","NUNGAL",10008804,20080228
"3340","NUNNIONG",10008806,20080228
"3343","NURNURNEMAL",10008809,20080228
"3346","NYALLO",10008812,20080228
"3350","OLANGOLAH",10008816,20080228
"3353","ONDIT",10008819,20080228
"3357","OTWAY",10008823,20080228
"3359","OXLEY",10008825,20080228
"3362","PAINSWICK",10008828,20080228
"3365","PALPARA",10008831,20080228
"3370","PANYULE",10008836,20080228
"3373","PARRIE YALLOAK",10008839,20080228
"3376","PATCHEWOLLOCK",10008842,20080228
"3378","PATHO",10008844,20080228
"3380","PAYWIT",10008846,20080228
"3382","PEECHEMBER",10008848,20080228
"3385","PENGANA (COMBINED WITH",10008851,20080228
"3389","PHILLIP ISLAND",10008855,20080228
"3392","PIANGIL WEST",10008858,20080228
"3395","PIGICK",10008861,20080228
"3397","PINES",10008863,20080228
"3400","PIRCARRA",10008866,20080228
"3405","POLISBET",10008871,20080228
"3407","POMPAPIEL",10008873,20080228
"3410","POORNEET",10008876,20080228
"3412","POOWONG EAST",10008878,20080228
"3415","POWLETT",10008881,20080228
"3418","PROOINGA",10008884,20080228
"3424","PURDEET EAST",10008890,20080228
"3426","PURNIM",10008892,20080228
"3429","PURRUMBETE SOUTH",10008895,20080228
"3431","PYWHEITJORRK",10008897,20080228
"3433","QUAMBATOOK",10008899,20080228
"3436","QUANTONG",10008902,20080228
"3438","RAAK",10008904,20080228
"3443","REDBANK",10008909,20080228
"3446","REDESDALE",10008912,20080228
"3449","RIACHELLA",10008915,20080228
"3451","RICH AVON WEST",10008917,20080228
"3454","ROCHESTER WEST",10008920,20080228
"3459","ROTHESAY",10008925,20080228
"3462","RUPANYUP",10008928,20080228
"3464","ST. CLAIR",10008930,20080228
"3467","ST. MARGARET",10008933,20080228
"3470","SALISBURY WEST",10008936,20080228
"3473","SANDHURST",10008939,20080228
"3479","SEACOMBE",10008945,20080228
"3481","SEYMOUR",10008947,20080228
"3484","SHELFORD",10008950,20080228
"3486","SHEPPARTON",10008952,20080228
"3489","SKIPTON",10008955,20080228
"3492","SNAKE ISLAND",10008958,20080228
"3494","SPRINGFIELD",10008960,20080228
"3495","SPRING HILL",10008961,20080228
"3496","SPRING PLAINS",10008962,20080228
"3497","STANDER",10008963,20080228
"3498","STANLEY",10008964,20080228
"3499","STAWELL",10008965,20080228
"3501","STEWARTON",10008967,20080228
"3502","STRADBROKE",10008968,20080228
"3503","STRANGWAYS",10008969,20080228
"3504","STRATFORD",10008970,20080228
"3505","STRATHBOGIE",10008971,20080228
"3506","STRATHFIELDSAYE",10008972,20080228
"3508","STREATHAM",10008974,20080228
"3509","STRUAN",10008975,20080228
"3510","SUGGAN BUGGAN",10008976,20080228
"3511","SUNDAY ISLAND",10008977,20080228
"3512","SUNSET",10008978,20080228
"3513","SUTTON",10008979,20080228
"3515","SWANWATER",10008981,20080228
"3516","SWITZERLAND",10008982,20080228
"3517","TAARAAK",10008983,20080228
"3518","TABBARA",10008984,20080228
"3519","TABBERABBERA",10008985,20080228
"3520","TABILK",10008986,20080228
"3521","TAGGERTY",10008987,20080228
"3523","TALAMBE",10008989,20080228
"3524","TALGARNO",10008990,20080228
"3525","TALGITCHA",10008991,20080228
"3526","TALLAGEIRA",10008992,20080228
"3527","TALLANDOON",10008993,20080228
"3529","TALLANGALLOOK",10008995,20080228
"3530","TALLANGATTA",10008996,20080228
"3531","TALLANGOORK",10008997,20080228
"3532","TALLAROOK",10008998,20080228
"3533","TALLYGAROOPNA",10008999,20080228
"3535","TAMBOON",10009001,20080228
"3536","TAMBORITHA",10009002,20080228
"3537","TAMINICK",10009003,20080228
"3538","TAMLEUGH",10009004,20080228
"3539","TANDAROOK",10009005,20080228
"3541","TANGAMBALANGA",10009007,20080228
"3542","TANJIL",10009008,20080228
"3543","TANJIL EAST",10009009,20080228
"3544","TAPAROO",10009010,20080228
"3545","TAPONGA",10009011,20080228
"3547","TARCOMBE",10009013,20080228
"3548","TARIPTA",10009014,20080228
"3549","TARKEETH",10009015,20080228
"3550","TARLDARN",10009016,20080228
"3551","TARNAGULLA",10009017,20080228
"3553","TARRAGAL",10009019,20080228
"3554","TARRANGINNIE",10009020,20080228
"3555","TARRANGO",10009021,20080228
"3556","TARRANYURK",10009022,20080228
"3557","TARRA TARRA",10009023,20080228
"3559","TARRAWARRA NORTH",10009025,20080228
"3560","TARRAWINGEE",10009026,20080228
"3561","TARRAYOUKYAN",10009027,20080228
"3562","TARRENGOWER",10009028,20080228
"3563","TARWIN",10009029,20080228
"3564","TARWIN SOUTH",10009030,20080228
"3566","TATONGA",10009032,20080228
"3567","TATYOON",10009033,20080228
"3568","TAWANGA",10009034,20080228
"3569","TCHIRREE",10009035,20080228
"3570","TCHUTERR",10009036,20080228
"3572","TELANGATUK",10009038,20080228
"3573","TELBIT",10009039,20080228
"3574","TELBIT WEST",10009040,20080228
"3575","TERANG",10009041,20080228
"3576","TERLITE-MUNJIE",10009042,20080228
"3577","TERRAPPEE",10009043,20080228
"3579","TERRICK TERRICK WEST",10009045,20080228
"3580","TERRINALLUM",10009046,20080228
"3581","THALIA",10009047,20080228
"3582","THARANBEGGA",10009048,20080228
"3583","THEDDORA",10009049,20080228
"3584","THOLOGOLONG",10009050,20080228
"3585","THORKIDAAN",10009051,20080228
"3586","THORNLEY",10009052,20080228
"3587","THORNTON",10009053,20080228
"3589","THURRA",10009055,20080228
"3590","TIEGA",10009056,20080228
"3591","TILDESLEY EAST",10009057,20080228
"3592","TILDESLEY WEST",10009058,20080228
"3593","TIMBARRA",10009059,20080228
"3595","TIMBOON",10009061,20080228
"3596","TIMMERING",10009062,20080228
"3597","TINAMBA",10009063,20080228
"3598","TINGARINGY",10009064,20080228
"3599","TINTALDRA",10009065,20080228
"3601","TOLTOL",10009067,20080228
"3602","TONGALA",10009068,20080228
"3603","TONGARO",10009069,20080228
"3604","TONG BONG",10009070,20080228
"3605","TONGHI",10009071,20080228
"3606","TONGIO-MUNJIE EAST",10009072,20080228
"3608","TONIMBUK",10009074,20080228
"3609","TONIMBUK EAST",10009075,20080228
"3610","TOOAN",10009076,20080228
"3611","TOOBORAC",10009077,20080228
"3612","TOOLAMBA",10009078,20080228
"3614","TOOLANG",10009080,20080228
"3616","TOOLKA",10009082,20080228
"3619","TOOLONDO",10009085,20080228
"3624","TOOMBULLUP NORTH",10009090,20080228
"3626","TOONGABBIE NORTH",10009092,20080228
"3628","TOONGINBOOKA",10009094,20080228
"3631","TOORAK",10009097,20080228
"3634","TOOROURRONG",10009100,20080228
"3639","TOWAMBA",10009105,20080228
"3642","TOWANWAY",10009108,20080228
"3646","TRAGOWEL",10009112,20080228
"3648","TRAWALLA",10009114,20080228
"3651","TRUGANINA",10009117,20080228
"3654","TULLAMARINE",10009120,20080228
"3660","TURKEETH",10009126,20080228
"3663","TURRUMBERRY NORTH",10009129,20080228
"3665","TUTYE",10009131,20080228
"3668","TYALLA",10009134,20080228
"3672","TYIRRA",10009138,20080228
"3677","TYRENDARRA",10009143,20080228
"3680","ULUPNA",10009146,20080228
"3683","UNDOWAH",10009149,20080228
"3685","URANGARA",10009151,20080228
"3687","VITE VITE",10009153,20080228
"3690","WAARRE",10009156,20080228
"3693","WABONGA",10009159,20080228
"3698","WAGRA",10009164,20080228
"3700","WAIL",10009166,20080228
"3703","WALHALLA EAST",10009169,20080228
"3706","WALLALOO",10009172,20080228
"3708","WALLA WALLA",10009174,20080228
"3714","WALPA",10009180,20080228
"3717","WALWA",10009183,20080228
"3720","WANDILIGONG",10009186,20080228
"3722","WANDO",10009188,20080228
"3725","WANGARATTA NORTH",10009191,20080228
"3727","WANGERRIP",10009193,20080228
"3732","WANWANDYRA",10009198,20080228
"3735","WARANGA",10009201,20080228
"3738","WARBURTON",10009204,20080228
"3741","WARINA",10009207,20080228
"3744","WARRABKOOK",10009210,20080228
"3749","WARRAIN",10009215,20080228
"3752","WARRAMBINE",10009218,20080228
"3754","WARRANOOK",10009220,20080228
"3757","WARRAYURE",10009223,20080228
"3759","WARRENBAYNE",10009225,20080228
"3762","WARRIMOO",10009228,20080228
"3764","WARROCK",10009230,20080228
"3770","WATCHEGATCHECA",10009236,20080228
"3772","WATCHUPGA",10009238,20080228
"3775","WATGANIA WEST",10009241,20080228
"3778","WAT WAT",10009244,20080228
"3781","WAYGARA",10009247,20080228
"3785","WEERAGUA",10009251,20080228
"3787","WEERING",10009253,20080228
"3790","WELSHPOOL",10009256,20080228
"3794","WENTWORTH",10009260,20080228
"3796","WERRAP",10009262,20080228
"3799","WERRIKOO",10009265,20080228
"3801","WESTON",10009267,20080228
"3807","WHITFIELD",10009273,20080228
"3809","WHOOREL",10009275,20080228
"3811","WHROO",10009277,20080228
"3814","WICKLIFFE NORTH",10009280,20080228
"3816","WILGUL NORTH",10009282,20080228
"3818","WILHELMINA",10009284,20080228
"3825","WILLAURA",10009291,20080228
"3827","WILLOBY",10009293,20080228
"3829","WILLS",10009295,20080228
"3832","WINDERMERE",10009298,20080228
"3834","WINDHAM",10009300,20080228
"3837","WING WING",10009303,20080228
"3840","WINNAMBOOL",10009306,20080228
"3842","WINTERIGA",10009308,20080228
"3846","WIRCHILLEBA",10009312,20080228
"3848","WIRMBIRCHIP",10009314,20080228
"3851","WIRRBIBIAL",10009317,20080228
"3854","WODONGA",10009320,20080228
"3856","WOLLONABY",10009322,20080228
"3859","WONDOOMAROOK",10009325,20080228
"3862","WONGA WONGA",10009328,20080228
"3864","WONGUNGARRA",10009330,20080228
"3866","WONTHAGGI",10009332,20080228
"3868","WONWONDAH",10009334,20080228
"3871","WOODBOURNE",10009337,20080228
"3874","WOODSIDE",10009340,20080228
"3876","WOOHLPOOER",10009342,20080228
"3879","WOOLENOOK",10009345,20080228
"3881","WOOLWOOLA",10009347,20080228
"3883","WOONGULMERANG WEST",10009349,20080228
"3886","WOORINEN",10009352,20080228
"3888","WOORI YALLOCK",10009354,20080228
"3891","WOORNYALOOK",10009357,20080228
"3893","WOORRAGEE",10009359,20080228
"3895","WOOSANG",10009361,20080228
"3898","WORAIGWORM",10009364,20080228
"3901","WORMBETE",10009367,20080228
"3904","WORROWING",10009370,20080228
"3906","WRATHUNG",10009372,20080228
"3909","WULLA WULLOCK",10009375,20080228
"3912","WURROOK",10009378,20080228
"3914","WURUTWUN",10009380,20080228
"3917","WYCHITELLA",10009383,20080228
"3919","WYELANGTA",10009385,20080228
"3922","WYTWALLAN",10009388,20080228
"3925","WY-YUNG",10009391,20080228
"3928","YABBA YABBA",10009394,20080228
"3931","YALIMBA",10009397,20080228
"3933","YALLAKAR",10009399,20080228
"3935","YALLOCK",10009401,20080228
"3939","YALOAK",10009405,20080228
"3942","YAMBUK",10009408,20080228
"3944","YANAC-A-YANAC",10009410,20080228
"3947","YANDOIT",10009413,20080228
"3949","YANGERAHWILL",10009415,20080228
"3952","YANIPY",10009418,20080228
"3954","YAN YAN GURT",10009420,20080228
"3958","YARCK",10009424,20080228
"3961","YARRABERB",10009427,20080228
"3963","YARRAM YARRAM",10009429,20080228
"3966","YARRARA",10009432,20080228
"3968","YARRAYNE",10009434,20080228
"3971","YARROWEE",10009437,20080228
"3973","YATCHAW EAST",10009439,20080228
"3975","YATMERONE",10009441,20080228
"3978","YAUGHER",10009444,20080228
"3982","YEERUNG",10009448,20080228
"3985","YELTA",10009451,20080228
"3988","YERING",10009454,20080228
"3991","YEUNGROON",10009457,20080228
"3994","YONDUK",10009460,20080228
"3997","YOUARRABUK",10009463,20080228
"3999","YOUPELLA",10009465,20080228
"4002","YUNGERA",10009468,20080228
"4005","YUROKE",10009471,20080228
"2118","BENGWORDEN",10007584,20080228
"2119","BENGWORDEN SOUTH",10007585,20080228
"2121","BEOLITE",10007587,20080228
"2123","BEREMBOKE",10007589,20080228
"2125","BERRIMAL",10007591,20080228
"2126","BERRINGA",10007592,20080228
"2128","BERRIWILLOCK",10007594,20080228
"2130","BERROOK",10007596,20080228
"2131","BERWICK",10007597,20080228
"2133","BET BET",10007599,20080228
"2134","BETE BOLONG NORTH",10007600,20080228
"2136","BETKA",10007602,20080228
"2138","BEYAL",10007604,20080228
"2139","BIDWELL",10007605,20080228
"2141","BIG DESERT",10007607,20080228
"2142","BIL-BIL-WYT",10007608,20080228
"2144","BILLIAN",10007610,20080228
"2146","BILPAH",10007612,20080228
"2147","BIMBOURIE",10007613,20080228
"2149","BINGINWARRI",10007615,20080228
"2150","BINGO-MUNJIE",10007616,20080228
"2152","BINGO-MUNJIE SOUTH",10007618,20080228
"2155","BIRREGUN",10007621,20080228
"2156","BIRREGURRA",10007622,20080228
"2158","BITTERANG",10007624,20080228
"2159","BITTERN",10007625,20080228
"2161","BOCHARA",10007627,20080228
"2162","BOGA",10007628,20080228
"2164","BOGONG NORTH",10007630,20080228
"2166","BOHO",10007632,20080228
"2167","BOIGBEAT",10007633,20080228
"2168","BOIKERBERT",10007634,20080228
"2170","BOLAIRA",10007636,20080228
"2172","BOLERCH",10007638,20080228
"2173","BOLGA",10007639,20080228
"2175","BOLWARRA",10007641,20080228
"2176","BONANG",10007642,20080228
"2178","BONEGILLA",10007644,20080228
"2179","BONN",10007645,20080228
"2180","BONTHERAMBO",10007646,20080228
"2182","BOOLA BOLOKE",10007648,20080228
"2184","BOOLE POOLE",10007650,20080228
"2186","BOOMAHNOOMOONAH",10007652,20080228
"2188","BOONAHWAH",10007654,20080228
"2190","BOORAN",10007656,20080228
"2191","BOORGUNYAH",10007657,20080228
"2193","BOORLEE",10007659,20080228
"2194","BOOROLITE",10007660,20080228
"2196","BOORONGIE",10007662,20080228
"2198","BOORPOOL",10007664,20080228
"2199","BOORPUK",10007665,20080228
"2201","BOOSEY",10007667,20080228
"2202","BOOTAHPOOL",10007668,20080228
"2204","BOREANG EAST",10007670,20080228
"2206","BORHONEYGHURK",10007672,20080228
"2208","BOROKA",10007674,20080228
"2209","BOROONDARA",10007675,20080228
"2211","BORUNG",10007677,20080228
"2212","BOULKA",10007678,20080228
"2214","BOWEYA",10007680,20080228
"2215","BOW-WORRUNG",10007681,20080228
"2217","BRALAK",10007683,20080228
"2218","BRAMBURRA",10007684,20080228
"2220","BRANJEE",10007686,20080228
"2221","BRANKEET",10007687,20080228
"2223","BRENANAH",10007689,20080228
"2224","BREWSTER",10007690,20080228
"2226","BRIDGEWATER",10007692,20080228
"2228","BRIMBOAL",10007694,20080228
"2229","BRIMBONGA",10007695,20080228
"2231","BRIMIN",10007697,20080228
"2232","BRINDAT",10007698,20080228
"2234","BRIT BRIT",10007700,20080228
"2236","BROADLANDS",10007702,20080228
"2237","BROADWATER",10007703,20080228
"2239","BRUARONG",10007705,20080228
"2241","BRUK BRUK",10007707,20080228
"2242","BRUTHEN",10007708,20080228
"2244","BUCHAN",10007710,20080228
"2245","BUCKENDERRA",10007711,20080228
"2247","BUCKLAND",10007713,20080228
"2249","BUDGEE BUDGEE",10007715,20080228
"2250","BUDGEREE",10007716,20080228
"2252","BUDGERUM WEST",10007718,20080228
"2254","BULBAN",10007720,20080228
"2255","BULGA",10007721,20080228
"2257","BULGANA",10007723,20080228
"2258","BULLA BULLA",10007724,20080228
"2260","BULLANBUL",10007726,20080228
"2262","BULLARTO",10007728,20080228
"2263","BULLAWIN",10007729,20080228
"2265","BULLENGAROOK",10007731,20080228
"2267","BULLUMWAAL",10007733,20080228
"2268","BULLUNG",10007734,20080228
"2270","BUMBERRAH",10007736,20080228
"2272","BUNDALONG",10007738,20080228
"2273","BUNDARA-MUNJIE",10007739,20080228
"2275","BUNGAL",10007741,20080228
"2277","BUNGAMERO",10007743,20080228
"2278","BUNGANAIL",10007744,20080228
"2280","BUNG BONG",10007746,20080228
"2282","BUNGEET",10007748,20080228
"2283","BUNGIL",10007749,20080228
"2284","BUNGIL EAST",10007750,20080228
"2286","BUNGYWARR",10007752,20080228
"2288","BUNNUGAL",10007754,20080228
"2289","BUNUROUK",10007755,20080228
"2291","BURAGWONDUC",10007757,20080228
"2293","BURKE",10007759,20080228
"2294","BURNELL",10007760,20080228
"2296","BURRA",10007762,20080228
"2297","BURRAH BURRAH",10007763,20080228
"2299","BURRAMBOOT EAST",10007765,20080228
"2301","BURRONG NORTH",10007767,20080228
"2303","BURROWYE",10007769,20080228
"2305","BURRUMBEET",10007771,20080228
"2306","BURRUM BURRUM",10007772,20080228
"2308","BURTWARRAH",10007774,20080228
"2310","BUTGULLA",10007776,20080228
"2311","BUTTLEJORRK",10007777,20080228
"2313","BYADUK",10007779,20080228
"2315","BYANGA",10007781,20080228
"2316","BYAWATHA",10007782,20080228
"2318","BYLANDS",10007784,20080228
"2319","CABANANDRA",10007785,20080228
"2321","CALLAWADDA",10007787,20080228
"2323","CAMBACANYA",10007789,20080228
"2324","CAMBATONG",10007790,20080228
"2326","CAMPBELLTOWN",10007792,20080228
"2328","CANIAMBO",10007794,20080228
"2329","CANNIE",10007795,20080228
"2331","CANTALA",10007797,20080228
"2332","CARAG CARAG",10007798,20080228
"2334","CARAMBALLUC NORTH",10007800,20080228
"2336","CARAMUT",10007802,20080228
"2338","CARAPOOEE",10007804,20080228
"2339","CARAPOOEE WEST",10007805,20080228
"2341","CARAPUGNA",10007807,20080228
"2343","CARCHAP",10007809,20080228
"2345","CARGERIE",10007811,20080228
"2348","CARLSRUHE",10007814,20080228
"2349","CARLYLE",10007815,20080228
"2351","CARNGHAM",10007817,20080228
"2352","CAROOL",10007818,20080228
"2354","CARPENDEIT",10007820,20080228
"2357","CARRAK",10007823,20080228
"2358","CARRARAGARMUNGEE",10007824,20080228
"2360","CARRUNG-E-MURNONG",10007826,20080228
"2363","CARWARP WEST",10007829,20080228
"2365","CASTLE DONNINGTON",10007831,20080228
"2368","CAVENDISH",10007834,20080228
"2370","CHANGUE EAST",10007836,20080228
"2372","CHARLTON EAST",10007838,20080228
"2374","CHATSWORTH",10007840,20080228
"2376","CHEPSTOWE",10007842,20080228
"2379","CHILLINGOLLAH",10007845,20080228
"2381","CHILTERN",10007847,20080228
"2382","CHILTERN WEST",10007848,20080228
"2384","CHINANGIN",10007850,20080228
"2386","CHIPRICK",10007852,20080228
"2388","CLARKESDALE",10007854,20080228
"2389","CLONBINANE",10007855,20080228
"2393","COBBANNAH",10007859,20080228
"2394","COBBOBOONEE",10007860,20080228
"2396","COBRA KILLUC",10007862,20080228
"2398","COBUNGRA",10007864,20080228
"2399","COCAMBA",10007865,20080228
"2402","CODRINGTON",10007868,20080228
"2404","COIMADAI",10007870,20080228
"2406","COLAC COLAC",10007872,20080228
"2407","COLBINABBIN",10007873,20080228
"2409","COLIBAN",10007875,20080228
"2412","COLQUHOUN",10007878,20080228
"2414","COLQUHOUN NORTH",10007880,20080228
"2416","COMBIENBAR",10007882,20080228
"2418","CONCONGELLA",10007884,20080228
"2420","CONDAH",10007886,20080228
"2421","CONEWARRE",10007887,20080228
"2424","CONNANGORACH",10007890,20080228
"2426","CONNEWIRRECOO",10007892,20080228
"2428","COOAGGALAH",10007894,20080228
"2430","COOLUMBOOKA",10007896,20080228
"2432","COOLUNGUBRA",10007898,20080228
"2435","COONGULLA",10007901,20080228
"2436","COONGULMERANG",10007902,20080228
"2438","COONOOER EAST",10007904,20080228
"2440","COOPRACAMBRA",10007906,20080228
"2442","COORIEJONG",10007908,20080228
"2446","COPI PLAINS",10007912,20080228
"2447","CORACK",10007913,20080228
"2449","CORADJIL",10007915,20080228
"2450","CORANGAMITE",10007916,20080228
"2452","CORINDHAP",10007918,20080228
"2454","CORIO",10007920,20080228
"2457","CORRYONG",10007923,20080228
"2458","COSTERFIELD",10007924,20080228
"2460","COYNALLAN",10007926,20080228
"2462","CRANBOURNE",10007928,20080228
"2463","CRESSY",10007929,20080228
"2466","CROOKAYAN",10007932,20080228
"2468","CROWLANDS",10007934,20080228
"2470","CROXTON WEST",10007936,20080228
"2472","CUNDARE",10007938,20080228
"2473","CURLIP",10007939,20080228
"2474","CURRACURT",10007940,20080228
"2478","CUT-PAW-PAW",10007944,20080228
"2479","DAAHL",10007945,20080228
"2481","DAHWEDARRE",10007947,20080228
"2483","DANDENONG",10007949,20080228
"2484","DANDONGADALE",10007950,20080228
"2486","DARBALANG",10007952,20080228
"2489","DARGO",10007955,20080228
"2491","DARLINGFORD",10007957,20080228
"2492","DARLINGTON",10007958,20080228
"2494","DARNUM",10007960,20080228
"2495","DARRAGAN",10007961,20080228
"2499","DARTAGOOK",10007965,20080228
"2500","DARTELLA",10007966,20080228
"2502","DATTUCK",10007968,20080228
"2503","DEAN",10007969,20080228
"2505","DEDERANG",10007971,20080228
"2508","DENISON",10007974,20080228
"2509","DENNYING",10007975,20080228
"2511","DEREEL",10007977,20080228
"2512","DERGHOLM",10007978,20080228
"2514","DERNDANG",10007980,20080228
"2515","DERRIL",10007981,20080228
"2518","DEUTGAM",10007984,20080228
"2520","DEVON",10007986,20080228
"2521","DEWRANG",10007987,20080228
"2523","DIGGORRA",10007989,20080228
"2524","DIMBOOLA",10007990,20080228
"2527","DINYARRAK",10007993,20080228
"2529","DOBOOBETIC",10007995,20080228
"2531","DOLLIN",10007997,20080228
"2532","DONALD",10007998,20080228
"2533","DOODWUK",10007999,20080228
"2536","DOOLAM",10008002,20080228
"2538","DOPEWORA",10008004,20080228
"2539","DORCHAP",10008005,20080228
"2541","DOUTTA GALLA",10008007,20080228
"2543","DRAJURK",10008009,20080228
"2546","DROPMORE",10008012,20080228
"2547","DROUIN EAST",10008013,20080228
"2549","DRUMANURE",10008015,20080228
"2551","DRUMDLEMARA",10008017,20080228
"2553","DRUNG DRUNG",10008019,20080228
"2556","DUERAN",10008022,20080228
"2558","DULUNGALONG",10008024,20080228
"2560","DUNBULBALANE",10008026,20080228
"2561","DUNEED",10008027,20080228
"2563","DUNMORE",10008029,20080228
"2564","DUNMUNKLE",10008030,20080228
"2566","DUNNEWORTHY",10008032,20080228
"2570","DURONG",10008036,20080228
"2571","ECHUCA NORTH",10008037,20080228
"2573","ECKLIN",10008039,20080228
"2574","EDDINGTON",10008040,20080228
"2576","EDGECOMBE",10008042,20080228
"2578","EGERTON",10008044,20080228
"2579","EGLINTON",10008045,20080228
"2582","EL DORADO",10008048,20080228
"2584","ELLERSLIE",10008050,20080228
"2585","ELLESMERE",10008051,20080228
"2587","ELLINGING",10008053,20080228
"2589","ELPHINSTONE",10008055,20080228
"2592","ENFIELD",10008058,20080228
"2594","ENSAY",10008060,20080228
"2595","ENUC",10008061,20080228
"2596","EPPALOCK",10008062,20080228
"2598","ERRINUNDRA",10008064,20080228
"2601","EUCAMBENE",10008067,20080228
"2603","EUMEMMERRING",10008069,20080228
"2605","EURAMBEEN",10008071,20080228
"2606","EURANDELONG",10008072,20080228
"2608","EUROA",10008074,20080228
"2609","EVERSLEY",10008075,20080228
"2612","FINGAL",10008078,20080228
"2614","FLOWERDALE",10008080,20080228
"2616","FRAMLINGHAM EAST",10008082,20080228
"2618","FRANKLIN",10008084,20080228
"2619","FRANKSTON",10008085,20080228
"2623","FUMINA",10008089,20080228
"2624","FUMINA NORTH",10008090,20080228
"2626","GABO",10008092,20080228
"2627","GALAQUIL",10008093,20080228
"2629","GALLA",10008095,20080228
"2630","GALPUNGA",10008096,20080228
"2632","GAMPOLA",10008098,20080228
"2635","GARRATANBUNELL",10008101,20080228
"2637","GATUM GATUM",10008103,20080228
"2639","GEELENGLA",10008105,20080228
"2641","GEERAK",10008107,20080228
"2642","GELANTIPY EAST",10008108,20080228
"2644","GELLIBRAND",10008110,20080228
"2647","GERANGAMETE",10008113,20080228
"2649","GHERANG GHERANG",10008115,20080228
"2651","GHIN GHIN",10008117,20080228
"2653","GIFFARD",10008119,20080228
"2654","GILLINGALL",10008120,20080228
"2657","GINAP",10008123,20080228
"2659","GINQUAM",10008125,20080228
"2660","GIRGARRE",10008126,20080228
"2662","GISBORNE",10008128,20080228
"2663","GLENALADALE",10008129,20080228
"2667","GLENBURNIE",10008133,20080228
"2669","GLENCOE SOUTH",10008135,20080228
"2670","GLENDALE",10008136,20080228
"2672","GLENDHU",10008138,20080228
"2674","GLENGOWER",10008140,20080228
"2675","GLENHOPE",10008141,20080228
"2678","GLENLYON",10008144,20080228
"2680","GLENMONA",10008146,20080228
"2681","GLENMORE",10008147,20080228
"2683","GLENORMISTON",10008149,20080228
"2685","GLENROWEN",10008151,20080228
"2688","GNARKEET",10008154,20080228
"2690","GNARWARRE",10008156,20080228
"2691","GNARWEE",10008157,20080228
"2693","GOBUR",10008159,20080228
"2694","GOLDIE",10008160,20080228
"2696","GONZAGA",10008162,20080228
"2699","GOONEGUL",10008165,20080228
"2700","GOONGEE",10008166,20080228
"2702","GOON NURE",10008168,20080228
"2704","GOORAMBAT",10008170,20080228
"2705","GOORAM GOORAM GONG",10008171,20080228
"2708","GOROKE",10008174,20080228
"2710","GORRINN",10008176,20080228
"2712","GORYA",10008178,20080228
"2713","GOULBURN",10008179,20080228
"2715","GOWAR",10008181,20080228
"2716","GOYURA",10008182,20080228
"2719","GRANTON",10008185,20080228
"2721","GRASSDALE",10008187,20080228
"2722","GREDGWIN",10008188,20080228
"2724","GREENSBOROUGH",10008190,20080228
"2726","GRETA",10008192,20080228
"2729","GRUYERE",10008195,20080228
"2730","GUILDFORD",10008196,20080228
"2732","GUNBOWER",10008198,20080228
"2734","GUNDOWRING",10008200,20080228
"2735","GUNGARLAN",10008201,20080228
"2737","GUTCHU",10008203,20080228
"2738","GUTTAMURRA",10008204,20080228
"2742","HAMILTON SOUTH",10008208,20080228
"2861","KENTBRUCK",10008327,20080228
"2863","KERGUNYAH",10008329,20080228
"2865","KERRIE",10008331,20080228
"2866","KERRISDALE",10008332,20080228
"2869","KEWELL EAST",10008335,20080228
"2871","KIA",10008337,20080228
"2872","KIALLA",10008338,20080228
"2874","KIATA",10008340,20080228
"2875","KILLARA",10008341,20080228
"2877","KILLINGWORTH",10008343,20080228
"2878","KILNOORAT",10008344,20080228
"2880","KINABULLA",10008346,20080228
"2882","KINGOWER",10008348,20080228
"2883","KINIMAKATKA",10008349,20080228
"2885","KINYPANIAL",10008351,20080228
"2887","KIRKELLA",10008353,20080228
"2888","KIRKENONG",10008354,20080228
"2890","KNAAWING",10008356,20080228
"2892","KNOWSLEY",10008358,20080228
"2893","KNOWSLEY EAST",10008359,20080228
"2895","KOETONG",10008361,20080228
"2897","KOLEYA",10008363,20080228
"2898","KOLORA",10008364,20080228
"2899","KONARDIN",10008365,20080228
"2901","KONGWAK",10008367,20080228
"2903","KONONG WOOTONG",10008369,20080228
"2905","KOOLA",10008371,20080228
"2906","KOOLOMERT",10008372,20080228
"2908","KOONDA",10008374,20080228
"2909","KOONIKA",10008375,20080228
"2910","KOONIK KOONIK",10008376,20080228
"2912","KOORANGIE",10008378,20080228
"2914","KOORKAB",10008380,20080228
"2916","KOOROOL",10008382,20080228
"2917","KOOROOMAN",10008383,20080228
"2919","KOORT-KOORT-NONG",10008385,20080228
"2921","KOO-WEE-RUP EAST",10008387,20080228
"2923","KORNONG",10008389,20080228
"2924","KORO-GANEIT",10008390,20080228
"2926","KORONG",10008392,20080228
"2928","KORRAK KORRAK",10008394,20080228
"2930","KORWEINGUBOORA",10008396,20080228
"2932","KOTUPNA",10008398,20080228
"2933","KOUT NARIN",10008399,20080228
"2935","KOYUGA",10008401,20080228
"2936","KRAMBRUK",10008402,20080228
"2938","KULK",10008404,20080228
"2939","KULKYNE",10008405,20080228
"2941","KUNAT KUNAT",10008407,20080228
"2942","KURDGWEECHEE",10008408,20080228
"2944","KURNWILL",10008410,20080228
"2946","KURTING",10008412,20080228
"2947","KURUC-A-RUC",10008413,20080228
"2949","KYABRAM EAST",10008415,20080228
"2951","LAANECOORIE",10008417,20080228
"2953","LACEBY",10008419,20080228
"2954","LAEN",10008420,20080228
"2956","LAKE LAKE WOLLARD",10008422,20080228
"2958","LALKALDARNO",10008424,20080228
"2960","LALLAT",10008426,20080228
"2961","LAMBRUK",10008427,20080228
"2962","LANCEFIELD",10008428,20080228
"2964","LANGI-GHIRAN",10008430,20080228
"2966","LANGI LOGAN",10008432,20080228
"2968","LANG LANG",10008434,20080228
"2969","LANG LANG EAST",10008435,20080228
"2971","LANGULAC",10008437,20080228
"2973","LANGWORNOR",10008439,20080228
"2975","LARNEEBUNYAH",10008441,20080228
"2977","LA TROBE",10008443,20080228
"2978","LAURAVILLE",10008444,20080228
"2980","LAWALUK",10008446,20080228
"2981","LAWLOIT",10008447,20080228
"2983","LEAGHUR",10008449,20080228
"2984","LEDCOURT",10008450,20080228
"2986","LEICHARDT",10008452,20080228
"2988","LEXINGTON",10008454,20080228
"2989","LEXTON",10008455,20080228
"2991","LICOLA",10008457,20080228
"2992","LICOLA NORTH",10008458,20080228
"2994","LILLICUR",10008460,20080228
"2996","LILLIPUT",10008462,20080228
"2997","LILLIRIE",10008463,20080228
"2999","LINLITHGOW",10008465,20080228
"3000","LINTON",10008466,20080228
"3002","LISMORE",10008468,20080228
"3003","LITTLE BILLY",10008469,20080228
"3005","LOCHIEL",10008471,20080228
"3007","LODDON",10008473,20080228
"3008","LODGE PARK",10008474,20080228
"3010","LONGFORD",10008476,20080228
"3011","LONGWARRY",10008477,20080228
"3013","LOOMAT",10008479,20080228
"3014","LOONGELAAT",10008480,20080228
"3016","LORQUON",10008482,20080228
"3018","LOWRY",10008484,20080228
"3019","LOYOLA",10008485,20080228
"3020","LOY YANG",10008486,20080228
"3022","LURG",10008488,20080228
"3023","LYELL",10008489,20080228
"3025","LYNDHURST",10008491,20080228
"3026","MACARTHUR",10008492,20080228
"3028","MACORNA",10008494,20080228
"3029","MAFFRA",10008495,20080228
"3031","MAGDALA SOUTH",10008497,20080228
"3033","MAGORRA",10008499,20080228
"3034","MAHARATTA",10008500,20080228
"3036","MAHRONG",10008502,20080228
"3037","MAINDAMPLE",10008503,20080228
"3039","MAJORLOCK",10008505,20080228
"3041","MALANGANEE",10008507,20080228
"3043","MALKARA",10008509,20080228
"3044","MALLACOOTA",10008510,20080228
"3046","MALLOREN",10008512,20080228
"3047","MAMBOURIN",10008513,20080228
"3049","MANANGATANG",10008515,20080228
"3051","MANDURANG",10008517,20080228
"3052","MANEROO",10008518,20080228
"3054","MANNIBADAR",10008520,20080228
"3056","MANSFIELD",10008522,20080228
"3057","MANYA",10008523,20080228
"3059","MARDAN",10008525,20080228
"3060","MARGOOYA",10008526,20080228
"3062","MARIDA YALLOCK",10008528,20080228
"3064","MARLOOH",10008530,20080228
"3065","MARMA",10008531,20080228
"3066","MARMAL",10008532,20080228
"3068","MARONG",10008534,20080228
"3069","MARRAWEENY",10008535,20080228
"3071","MARYBOROUGH",10008537,20080228
"3073","MATLOCK",10008539,20080228
"3074","MATONG",10008540,20080228
"3076","MEATIAN",10008542,20080228
"3077","MEENIYAN",10008543,20080228
"3079","MEEREEK",10008545,20080228
"3080","MEERING",10008546,20080228
"3082","MEERLIEU",10008548,20080228
"3083","MELBOURNE NORTH",10008549,20080228
"3085","MELLICK-MUNJIE",10008551,20080228
"3087","MEPUNGA",10008553,20080228
"3089","MERBEIN",10008555,20080228
"3090","MEREDITH",10008556,20080228
"3092","MERINO",10008558,20080228
"3093","MERRIANG",10008559,20080228
"3095","MERRIMU",10008561,20080228
"3097","MERRYMBUELA",10008563,20080228
"3098","MERTON",10008564,20080228
"3100","MICKLEHAM",10008566,20080228
"3101","MIEPOLL",10008567,20080228
"3103","MILLEWA",10008569,20080228
"3104","MILLOO",10008570,20080228
"3106","MINAPRE",10008572,20080228
"3107","MINCHA",10008573,20080228
"3109","MINDAI",10008575,20080228
"3110","MINHAMITE",10008576,20080228
"3112","MININERA",10008578,20080228
"3113","MINJAH",10008579,20080228
"3115","MINOOK",10008581,20080228
"3116","MINTO",10008582,20080228
"3118","MIRAMPIRAM",10008584,20080228
"3119","MIRBOO",10008585,20080228
"3121","MIRIMBAH",10008587,20080228
"3122","MIRKOO",10008588,20080228
"3124","MIRRANATWA",10008590,20080228
"3125","MITCHELL",10008591,20080228
"3127","MITTA MITTA",10008593,20080228
"3129","MITTYAN",10008595,20080228
"3130","MOAH",10008596,20080228
"3132","MOCAMBORO",10008598,20080228
"3133","MOCKINYA",10008599,20080228
"3135","MOE",10008601,20080228
"3136","MOGLONEMBY",10008602,20080228
"3138","MOIRA",10008604,20080228
"3139","MOKANGER",10008605,20080228
"3141","MOKOAN",10008607,20080228
"3142","MOLESWORTH",10008608,20080228
"3144","MOLKA",10008610,20080228
"3145","MOLOGA",10008611,20080228
"3147","MONDA",10008613,20080228
"3148","MONEA NORTH",10008614,20080228
"3150","MONEGEETTA",10008616,20080228
"3152","MONOMAK",10008618,20080228
"3153","MOOLAP",10008619,20080228
"3154","MOOLERR",10008620,20080228
"3156","MOOLPAH",10008622,20080228
"3157","MOOMOWROONG",10008623,20080228
"3159","MOONIP",10008625,20080228
"3161","MOONLIGHT",10008627,20080228
"3162","MOORA",10008628,20080228
"3164","MOORADORANOOK",10008630,20080228
"3166","MOORARBOOL EAST",10008632,20080228
"3168","MOORBANOOL",10008634,20080228
"3169","MOOREE",10008635,20080228
"3171","MOORMBOOL WEST",10008637,20080228
"3173","MOORNAPA",10008639,20080228
"3174","MOORNGAG",10008640,20080228
"3176","MOOROOLBARK",10008642,20080228
"3178","MOOROOPNA WEST",10008644,20080228
"3180","MOORTWORRA",10008646,20080228
"3181","MOORWINSTOWE",10008647,20080228
"3183","MORANG",10008649,20080228
"3185","MORAY",10008651,20080228
"3186","MORDIALLOC",10008652,20080228
"3188","MOREEP",10008654,20080228
"3189","MOREKANA",10008655,20080228
"3191","MOROCKDONG",10008657,20080228
"3193","MORRL MORRL",10008659,20080228
"3194","MORTAT",10008660,20080228
"3196","MORTLAKE",10008662,20080228
"3197","MOSTYN",10008663,20080228
"3199","MOURNPOUL",10008665,20080228
"3200","MOUTAJUP",10008666,20080228
"3202","MOUZIE",10008668,20080228
"3203","MOWAMBA",10008669,20080228
"3205","MOYHU",10008671,20080228
"3206","MOYREISK",10008672,20080228
"3210","MUDGEEGONGA",10008676,20080228
"3211","MULCRA",10008677,20080228
"3213","MULLAGONG",10008679,20080228
"3215","MULLINDOLINGONG",10008681,20080228
"3217","MULLUNGDUNG",10008683,20080228
"3218","MUMBANNAR",10008684,20080228
"3220","MUNDOONA",10008686,20080228
"3223","MURCHISON NORTH",10008689,20080228
"3225","MURGHEBOLUC",10008691,20080228
"3227","MURMUNGEE",10008693,20080228
"3229","MURNUNGIN",10008695,20080228
"3230","MURRABIT",10008696,20080228
"3234","MURRAWONG",10008700,20080228
"3236","MURRINDAL WEST",10008702,20080228
"3238","MURRNROONG",10008704,20080228
"3239","MURROON",10008705,20080228
"3241","MURTCAIM",10008707,20080228
"3243","MUSKERRY",10008709,20080228
"3244","MYALL",10008710,20080228
"3245","MYAMYN",10008711,20080228
"3248","MYRRHEE",10008714,20080228
"3250","MYSIA",10008716,20080228
"3251","NAGWARRY",10008717,20080228
"3253","NANAPUNDAH",10008719,20080228
"3255","NANGANA",10008721,20080228
"3256","NANGEELA",10008722,20080228
"3259","NANOWIE",10008725,20080228
"3261","NAP-NAP-MARRA",10008727,20080228
"3263","NAR-BE-THONG",10008729,20080228
"3265","NAREEB NAREEB",10008731,20080228
"3267","NARINGANINGALOOK",10008733,20080228
"3271","NARMBOOL",10008737,20080228
"3272","NAR-NAR-GOON",10008738,20080228
"3274","NARRACAN SOUTH",10008740,20080228
"3276","NARRAPORT",10008742,20080228
"3278","NARRAWONG",10008744,20080228
"3279","NARREE WORRAN",10008745,20080228
"3281","NARROBUK",10008747,20080228
"3283","NARRUNG",10008749,20080228
"3286","NATTE MURRANG",10008752,20080228
"3288","NAVARRE",10008754,20080228
"3289","NAYOOK",10008755,20080228
"3291","NEEREMAN",10008757,20080228
"3292","NEERIM",10008758,20080228
"3296","NENANDIE",10008762,20080228
"3297","NEPEAN",10008763,20080228
"3299","NERRAN",10008765,20080228
"3300","NERRENA",10008766,20080228
"3302","NERRIN NERRIN",10008768,20080228
"3303","NEUARPUR",10008769,20080228
"3307","NGALLO",10008773,20080228
"3308","NIAGAROON",10008774,20080228
"3310","NILLUMBIK",10008776,20080228
"3312","NI NI",10008778,20080228
"3313","NINNIE",10008779,20080228
"3314","NINYEUNOOK",10008780,20080228
"3317","NOOJEE",10008783,20080228
"3319","NOONGA",10008785,20080228
"3320","NOORILIM",10008786,20080228
"3322","NOORONGONG",10008788,20080228
"3324","NORTHWOOD",10008790,20080228
"3327","NOWIE",10008793,20080228
"3328","NOWINGI",10008794,20080228
"3330","NOYONG",10008796,20080228
"3331","NULKWYNE",10008797,20080228
"3333","NULLAWARRE",10008799,20080228
"3334","NULLAWIL",10008800,20080228
"3337","NUNAWADING",10008803,20080228
"3339","NUNGATTA",10008805,20080228
"3341","NUNTIN",10008807,20080228
"3342","NURCOUNG",10008808,20080228
"3344","NURONG",10008810,20080228
"3347","NYANG",10008813,20080228
"3348","NYPO",10008814,20080228
"3349","NYRRABY",10008815,20080228
"3351","OLNEY",10008817,20080228
"3352","OMEO",10008818,20080228
"3354","ONYIM",10008820,20080228
"3356","ORBOST EAST",10008822,20080228
"3358","OUYEN",10008824,20080228
"3360","PAARATTE",10008826,20080228
"3361","PAIGNIE",10008827,20080228
"3363","PAKENHAM",10008829,20080228
"3366","PANBULLA",10008832,20080228
"3367","PANMURE",10008833,20080228
"3369","PANNOOMILLOO",10008835,20080228
"3371","PANYYABYR",10008837,20080228
"3372","PARAPARAP",10008838,20080228
"3374","PARUPA",10008840,20080228
"3377","PATCHEWOLLOCK NORTH",10008843,20080228
"3379","PAWBYMBYR",10008845,20080228
"3381","PEECHELBA",10008847,20080228
"3383","PELLUEBLA",10008849,20080228
"3384","PENDYK PENDYK",10008850,20080228
"3388","PERRIT PERRIT",10008854,20080228
"3390","PIAMBIE",10008856,20080228
"3391","PIANGIL",10008857,20080228
"3393","PICOLA",10008859,20080228
"3394","PIER-MILLAN",10008860,20080228
"3396","PINE LODGE",10008862,20080228
"3398","PINNAK",10008864,20080228
"3401","PIRRO",10008867,20080228
"3402","PIRRON YALOAK",10008868,20080228
"3404","POLIAH SOUTH",10008870,20080228
"3406","POMBORNEIT",10008872,20080228
"3408","POM POM",10008874,20080228
"3411","POOWONG",10008877,20080228
"3413","POREPUNKAH",10008879,20080228
"3414","PORTLAND",10008880,20080228
"3416","PRAHRAN",10008882,20080228
"3417","PRANJIP",10008883,20080228
"3419","PROPODOLLAH",10008885,20080228
"3422","PULLUT",10008888,20080228
"3423","PURDEET",10008889,20080228
"3425","PURGAGOOLAH",10008891,20080228
"3427","PURNYA",10008893,20080228
"3428","PURRUMBETE NORTH",10008894,20080228
"3432","QUAG-MUNJIE",10008898,20080228
"3434","QUAMBY",10008900,20080228
"3435","QUAMBY NORTH",10008901,20080228
"3437","QUEENSTOWN",10008903,20080228
"3439","RAGLAN",10008905,20080228
"3440","RAGLAN WEST",10008906,20080228
"3444","RED BLUFF",10008910,20080228
"3445","REDCASTLE",10008911,20080228
"3447","REDRUTH",10008913,20080228
"3448","REYNARD",10008914,20080228
"3450","RICH AVON EAST",10008916,20080228
"3452","RINGWOOD",10008918,20080228
"3455","ROCHFORD",10008921,20080228
"3457","ROSEDALE",10008923,20080228
"3458","ROSENEATH",10008924,20080228
"3460","RUFFY",10008926,20080228
"3461","RUNNYMEDE",10008927,20080228
"3465","ST. HELENS",10008931,20080228
"3466","ST. JAMES",10008932,20080228
"3468","SALE",10008934,20080228
"3469","SALISBURY",10008935,20080228
"3471","SAMARIA",10008937,20080228
"3472","SANDFORD",10008938,20080228
"3475","SARGOOD",10008941,20080228
"3477","SCARSDALE",10008943,20080228
"3478","SCORESBY",10008944,20080228
"3480","SEDGWICK",10008946,20080228
"3482","SHADFORTH",10008948,20080228
"3485","SHELFORD WEST",10008951,20080228
"3487","SHERWOOD",10008953,20080228
"3488","SHIRLEY",10008954,20080228
"3490","SMEATON",10008956,20080228
"3491","SMYTHESDALE",10008957,20080228
"3613","TOOLAMBA WEST",10009079,20080228
"3617","TOOLLEEN",10009083,20080228
"3618","TOOLOME",10009084,20080228
"3620","TOOLONGROOK",10009086,20080228
"3622","TOOMBON",10009088,20080228
"3623","TOOMBULLUP",10009089,20080228
"3625","TOONAMBOOL",10009091,20080228
"3629","TOONYARAK",10009095,20080228
"3630","TOORA",10009096,20080228
"3632","TOORONGO",10009098,20080228
"3633","TOO-ROUR",10009099,20080228
"3635","TOORT",10009101,20080228
"3636","TORBRECK",10009102,20080228
"3638","TOURELLO",10009104,20080228
"3640","TOWAN",10009106,20080228
"3643","TOWMA",10009109,20080228
"3644","TOWONG",10009110,20080228
"3645","TRAAWOOL",10009111,20080228
"3647","TRARALGON",10009113,20080228
"3649","TRENTHAM",10009115,20080228
"3650","TREWALLA",10009116,20080228
"3653","TULILLAH",10009119,20080228
"3655","TULLICH",10009121,20080228
"3656","TULLYVEA",10009122,20080228
"3658","TUNGIE",10009124,20080228
"3659","TURANDUREY",10009125,20080228
"3662","TURRUMBERRY",10009128,20080228
"3664","TUTEGONG",10009130,20080228
"3666","TYABB",10009132,20080228
"3667","TYAGOOK",10009133,20080228
"3669","TYAMOONYA",10009135,20080228
"3671","TYENNA",10009137,20080228
"3673","TYLDEN",10009139,20080228
"3674","TYNTYNDER",10009140,20080228
"3676","TYNTYNDER WEST",10009142,20080228
"3679","ULTIMA",10009145,20080228
"3681","UNDERA",10009147,20080228
"3682","UNDERBOOL",10009148,20080228
"3684","UPOTIPOTPON",10009150,20080228
"3686","VECTIS EAST",10009152,20080228
"3688","WAAIA",10009154,20080228
"3691","WABBA",10009157,20080228
"3692","WABDALLAH",10009158,20080228
"3694","WABONGA SOUTH",10009160,20080228
"3695","WA-DE-LOCK",10009161,20080228
"3697","WAGGARANDALL",10009163,20080228
"3701","WAITCHIE",10009167,20080228
"3702","WALHALLA",10009168,20080228
"3704","WALLABY",10009170,20080228
"3705","WALLAGOOT",10009171,20080228
"3707","WALLAN WALLAN",10009173,20080228
"3709","WALLINDUC",10009175,20080228
"3712","WALLUP",10009178,20080228
"3713","WALMER",10009179,20080228
"3715","WALPAMUNDA",10009181,20080228
"3716","WALPEUP",10009182,20080228
"3718","WAMBA",10009184,20080228
"3721","WANDIN YALLOCK",10009187,20080228
"3723","WANDOWN",10009189,20080228
"3724","WANGARABELL",10009190,20080228
"3726","WANGARATTA SOUTH",10009192,20080228
"3728","WANGIE",10009194,20080228
"3730","WANNAEUE",10009196,20080228
"3731","WANURP",10009197,20080228
"3733","WANWIN",10009199,20080228
"3734","WAPPAN",10009200,20080228
"3736","WARATAH",10009202,20080228
"3737","WARATAH NORTH",10009203,20080228
"3739","WAREEK",10009205,20080228
"3740","WARGAN",10009206,20080228
"3742","WARMUR",10009208,20080228
"3743","WARNGAR",10009209,20080228
"3745","WARRACBARUNAH",10009211,20080228
"3747","WARRAGAMBA",10009213,20080228
"3748","WARRAGUL",10009214,20080228
"3750","WARRAK",10009216,20080228
"3751","WARRAMBAT",10009217,20080228
"3753","WARRANDYTE",10009219,20080228
"3755","WARRAQUIL",10009221,20080228
"3756","WARRA WARRA",10009222,20080228
"3758","WARREEN",10009224,20080228
"3760","WARRENHEIP",10009226,20080228
"3761","WARRENMANG",10009227,20080228
"3763","WARRION",10009229,20080228
"3765","WARRONG",10009231,20080228
"3766","WARROWITUE",10009232,20080228
"3768","WARUNG",10009234,20080228
"3769","WATAEPOOLAN",10009235,20080228
"3771","WATCHEM",10009237,20080228
"3773","WATEGAT",10009239,20080228
"3774","WATGANIA",10009240,20080228
"3776","WATHE",10009242,20080228
"3777","WATTA WELLA",10009243,20080228
"3779","WAU WAUKA",10009245,20080228
"3780","WAU WAUKA WEST",10009246,20080228
"3782","WEDDERBURNE",10009248,20080228
"3784","WEECURRA",10009250,20080228
"3786","WEERANGOURT",10009252,20080228
"3788","WEHLA",10009254,20080228
"3789","WELLSFORD",10009255,20080228
"3791","WELUMLA",10009257,20080228
"3792","WEMEN",10009258,20080228
"3793","WENSLEYDALE",10009259,20080228
"3795","WERMATONG",10009261,20080228
"3797","WERRIBEE",10009263,20080228
"3798","WERRIGAR",10009264,20080228
"3800","WERRIMULL",10009266,20080228
"3802","WEWIN",10009268,20080228
"3803","WHANREGARWEN",10009269,20080228
"3805","WHIRILY",10009271,20080228
"3806","WHIRRAKEE",10009272,20080228
"3808","WHITFIELD SOUTH",10009274,20080228
"3810","WHOROULY",10009276,20080228
"3812","WIALL",10009278,20080228
"3813","WIBENDUCK",10009279,20080228
"3815","WICKLIFFE SOUTH",10009281,20080228
"3817","WILGUL SOUTH",10009283,20080228
"3819","WILKIN",10009285,20080228
"3820","WILKUR",10009286,20080228
"3821","WILLAH",10009287,20080228
"3823","WILLANGIE",10009289,20080228
"3824","WILLATOOK",10009290,20080228
"3826","WILLENABRINA",10009292,20080228
"3828","WILLOWMAVIN",10009294,20080228
"3830","WILLUNG",10009296,20080228
"3831","WILL-WILL-ROOK",10009297,20080228
"3833","WINDARRA",10009299,20080228
"3835","WINGAN",10009301,20080228
"3836","WINGEEL",10009302,20080228
"3838","WINIAM",10009304,20080228
"3839","WINJALLOK",10009305,20080228
"3841","WINNINDOO",10009307,20080228
"3843","WINTON",10009309,20080228
"3844","WINYAR",10009310,20080228
"3845","WINYAYUNG",10009311,20080228
"3847","WIRIDJIL",10009313,20080228
"3849","WIRMBOOL",10009315,20080228
"3850","WIRRATE",10009316,20080228
"3852","WITCHIPOOL",10009318,20080228
"3853","WOATWOARA",10009319,20080228
"3855","WOLLERT",10009321,20080228
"3857","WOMBAT",10009323,20080228
"3858","WOMBELANO",10009324,20080228
"3860","WONGAN",10009326,20080228
"3861","WONGARRA",10009327,20080228
"3863","WONGA WONGA SOUTH",10009329,20080228
"3865","WONNANGATTA",10009331,20080228
"3867","WONTHAGGI NORTH",10009333,20080228
"3869","WONWRON",10009335,20080228
"3870","WONYIP",10009336,20080228
"3872","WOODEND",10009338,20080228
"3873","WOODNAGGERAK",10009339,20080228
"3875","WOODSTOCK",10009341,20080228
"3877","WOOKURKOOK",10009343,20080228
"3878","WOOLAMAI",10009344,20080228
"3880","WOOLSTHORPE",10009346,20080228
"3882","WOONGULMERANG EAST",10009348,20080228
"3884","WOORAK",10009350,20080228
"3885","WOORARRA",10009351,20080228
"3887","WOORIWYRITE",10009353,20080228
"3889","WOORNACK",10009355,20080228
"3890","WOORNDOO",10009356,20080228
"3892","WOORONOOK",10009358,20080228
"3894","WOORRAGEE NORTH",10009360,20080228
"3896","WOOUNDELLAH",10009362,20080228
"3897","WOOYOOT",10009363,20080228
"3899","WORANGA",10009365,20080228
"3900","WORMANGAL",10009366,20080228
"3902","WOROOA",10009368,20080228
"3903","WORROUGH",10009369,20080228
"3905","WORTONGIE",10009371,20080228
"3907","WRIXON",10009373,20080228
"3908","WUK WUK",10009374,20080228
"3910","WURDI-YOUANG",10009376,20080228
"3911","WURRIN",10009377,20080228
"3913","WURRUK WURRUK",10009379,20080228
"3915","WYANGIL",10009381,20080228
"3916","WYCHEPROOF",10009382,20080228
"3918","WYEEBOO",10009384,20080228
"3920","WYMLET",10009386,20080228
"3921","WYPERFELD",10009387,20080228
"3923","WYTWARRONE",10009389,20080228
"3924","WYUNA",10009390,20080228
"3926","YAAPEET",10009392,20080228
"3927","YABBA",10009393,20080228
"3929","YACKANDANDAH",10009395,20080228
"3930","YALCA",10009396,20080228
"3932","YALIMBA EAST",10009398,20080228
"3934","YALLA-Y-POORA",10009400,20080228
"3936","YALLOOK",10009402,20080228
"3937","YALLUM",10009403,20080228
"3938","YALMY",10009404,20080228
"3940","YALONG",10009406,20080228
"3941","YALONG SOUTH",10009407,20080228
"3943","YAMBULLA",10009409,20080228
"3945","YANAKIE",10009411,20080228
"3946","YANAKIE SOUTH",10009412,20080228
"3948","YANGARDOOK",10009414,20080228
"3950","YANGERY",10009416,20080228
"3951","YANGOURA",10009417,20080228
"3953","YANNATHAN",10009419,20080228
"3955","YAN YEAN",10009421,20080228
"3956","YARAK",10009422,20080228
"3957","YARAMBA",10009423,20080228
"3959","YARIMA",10009425,20080228
"3960","YARPTURK",10009426,20080228
"3962","YARRAGON",10009428,20080228
"3964","YARRAMYLJUP",10009430,20080228
"3965","YARRANGOOK",10009431,20080228
"3967","YARRAWONGA",10009433,20080228
"3969","YARROCK",10009435,20080228
"3970","YARROWALLA",10009436,20080228
"3972","YARROWEYAH",10009438,20080228
"3974","YATCHAW WEST",10009440,20080228
"3976","YAT NAT",10009442,20080228
"3977","YATPOOL",10009443,20080228
"3979","YEA",10009445,20080228
"3980","YEARINGA",10009446,20080228
"3981","YEERIK",10009447,20080228
"3983","YEHRIP",10009449,20080228
"3984","YELLANGIP",10009450,20080228
"3986","YELWELL",10009452,20080228
"3987","YEO",10009453,20080228
"3989","YERTOO",10009455,20080228
"3990","YETH-YOUANG",10009456,20080228
"3992","YIELIMA",10009458,20080228
"3993","YINNAR",10009459,20080228
"3995","YOUANMITE",10009461,20080228
"3996","YOUARANG",10009462,20080228
"3998","YOUPAYANG",10009464,20080228
"4000","YOWANG",10009466,20080228
"4001","YULECART",10009467,20080228
"4003","YUONGA",10009469,20080228
"4004","YUPPECKIAR",10009470,20080228
"2419","CONCONGELLA SOUTH",10007885,20080228
"2441","COORAMOOK",10007907,20080228
"2459","COWA",10007925,20080228
"2471","CUDGEWA",10007937,20080228
"2487","DARGALONG",10007953,20080228
"2507","DELLICKNORA",10007973,20080228
"2528","DJERRIWARRH",10007994,20080228
"2550","DRUMBORG",10008016,20080228
"2565","DUNNAWALLA",10008031,20080228
"2583","ELINGAMITE",10008049,20080228
"2602","EUMANA",10008068,20080228
"2617","FRAMLINGHAM WEST",10008083,20080228
"2640","GEERA",10008106,20080228
"2655","GILLUM",10008121,20080228
"2671","GLENDARUEL",10008137,20080228
"2689","GNARR",10008155,20080228
"2703","GOORAMADDA",10008169,20080228
"2723","GREENHILLS",10008189,20080228
"2741","HAMILTON NORTH",10008207,20080228
"2750","HEATHCOTE",10008216,20080228
"2757","HILGAY",10008223,20080228
"2763","HOMERTON",10008229,20080228
"2770","HUNTLY",10008236,20080228
"2776","IRREWILLIPE",10008242,20080228
"2783","JANIEMBER WEST",10008249,20080228
"2791","JEMBA",10008257,20080228
"2797","JIL JIL",10008263,20080228
"2803","JINJELLIC",10008269,20080228
"2810","JUMBUNNA EAST",10008276,20080228
"2818","KALINGUR",10008284,20080228
"2824","KALYMNA",10008290,20080228
"2830","KANGDERAAR",10008296,20080228
"2837","KARADOC",10008303,20080228
"2844","KARRABUMET",10008310,20080228
"3368","PANNOOBAMAWM",10008834,20080228
"3387","PERENNA",10008853,20080228
"3403","POLIAH NORTH",10008869,20080228
"3420","PUCKAPUNYAL",10008886,20080228
"3441","RATHSCAR",10008907,20080228
"3456","RODBOROUGH",10008922,20080228
"3476","SARSFIELD",10008942,20080228
"3493","SPINIFEX",10008959,20080228
"3500","STEAVENSON",10008966,20080228
"3507","STRATHMERTON",10008973,20080228
"3514","SUTTON GRANGE",10008980,20080228
"3522","TAHARA",10008988,20080228
"3528","TALLANG",10008994,20080228
"3534","TAMBO",10009000,20080228
"3540","TANDARRA",10009006,20080228
"3546","TARA",10009012,20080228
"3552","TARNEIT",10009018,20080228
"3558","TARRAWARRA",10009024,20080228
"3565","TATONG",10009031,20080228
"3571","TEDDYWADDY",10009037,20080228
"3578","TERRICK TERRICK EAST",10009044,20080228
"3588","THOWGLA",10009054,20080228
"3594","TIMBEROO",10009060,20080228
"3600","TITTYBONG",10009066,20080228
"3607","TONGIO-MUNJIE WEST",10009073,20080228
"3621","TOOLOY",10009087,20080228
"3637","TOTTINGTON",10009103,20080228
"3657","TUNART",10009123,20080228
"3675","TYNTYNDER NORTH",10009141,20080228
"3696","WAGANT",10009162,20080228
"3711","WALLPOLLA",10009177,20080228
"3729","WANGOOM",10009195,20080228
"3746","WARRACKNABEAL",10009212,20080228
"3767","WARTOOK",10009233,20080228
"3783","WEEAPROINAH",10009249,20080228
"3804","WHARPARILLA",10009270,20080228
"3822","WILLAM",10009288,20080228
"2346","CARINA",10007812,20080228
"2355","CARRAH",10007821,20080228
"2367","CATIABRIM",10007833,20080228
"2377","CHERRINGTON",10007843,20080228
"2391","CLUNES",10007857,20080228
"2401","COCOROC",10007867,20080228
"2411","COLONGULAC",10007877,20080228
"2423","CONGUPNA",10007889,20080228
"2433","COOMA",10007899,20080228
"2444","COORNMILL",10007910,20080228
"2455","CORNELLA",10007921,20080228
"2465","CRONOMBY",10007931,20080228
"2476","CURTAYNE",10007942,20080228
"2488","DARGILE",10007954,20080228
"2497","DARRIMAN",10007963,20080228
"2506","DELATITE",10007972,20080228
"2517","DETARKA",10007983,20080228
"2526","DINGEE",10007992,20080228
"2535","DOOKIE",10008001,20080228
"2544","DREEITE",10008010,20080228
"2554","DUCHEMBEGARRA",10008020,20080228
"2568","DURDIDWARRAH",10008034,20080228
"2581","EILYAR",10008047,20080228
"2590","EMBERTON",10008056,20080228
"2599","ESTCOURT",10008065,20080228
"2611","FARADAY",10008077,20080228
"2621","FRENCH ISLAND",10008087,20080228
"2633","GANNAWARRA",10008099,20080228
"2646","GERAHMIN",10008112,20080228
"2656","GIMPA",10008122,20080228
"2665","GLENAROUA",10008131,20080228
"2677","GLENLOTH",10008143,20080228
"2687","GLYNWYLLN",10008153,20080228
"2697","GOOLENGOOK",10008163,20080228
"2709","GORONG",10008175,20080228
"2718","GRAHAM",10008184,20080228
"2727","GRINGEGALGONA",10008193,20080228
"2740","HADDON",10008206,20080228
"2868","KEVINGTON",10008334,20080228
"3208","MOYSTON WEST",10008674,20080228
"3222","MURCHISON",10008688,20080228
"3232","MURRAMURRANGBONG",10008698,20080228
"3247","MYRNIONG",10008713,20080228
"3258","NANNEELLA",10008724,20080228
"3269","NARINGHIL SOUTH",10008735,20080228
"3284","NATEYIP",10008750,20080228
"3294","NEILBOROUGH",10008760,20080228
"3305","NEWLINGROOK",10008771,20080228
"3316","NOLAN",10008782,20080228
"3325","NOWA NOWA",10008791,20080228
"3336","NUMBRUK",10008802,20080228
"3345","NURRABIEL",10008811,20080228
"3355","ORBOST",10008821,20080228
"3364","PALLARANG",10008830,20080228
"3375","PARWAN",10008841,20080228
"3386","PENTAL ISLAND",10008852,20080228
"3399","PINNIBAR",10008865,20080228
"3409","POMPONDEROO",10008875,20080228
"3421","PUEBLA",10008887,20080228
"3430","PYALONG",10008896,20080228
"3442","RAVENSWOOD",10008908,20080228
"3453","ROCHESTER",10008919,20080228
"3463","ST. ARNAUD",10008929,20080228
"3474","SANDON",10008940,20080228
"3483","SHELBOURNE",10008949,20080228
"3615","TOOLIOROOK",10009081,20080228
"3627","TOONGABBIE SOUTH",10009093,20080228
"3641","TOWANINNY",10009107,20080228
"3652","TUBBUT",10009118,20080228
"3661","TUROAR",10009127,20080228
"3670","TYAR",10009136,20080228
"3678","TYRRELL",10009144,20080228
"3689","WAANYARRA",10009155,20080228
"3699","WAHRING",10009165,20080228
"3710","WALLOWA",10009176,20080228
"3719","WANALTA",10009185,20080228
